                  epoch,         train/box_loss,         train/cls_loss,         train/dfl_loss,   metrics/precision(B),      metrics/recall(B),       metrics/mAP50(B),    metrics/mAP50-95(B),           val/box_loss,           val/cls_loss,           val/dfl_loss,                 lr/pg0,                 lr/pg1,                 lr/pg2
                      1,                 1.0375,                 2.0014,                 1.3943,                0.72167,                 0.6175,                0.70469,                0.38584,                 1.2276,                 1.8743,                 1.6502,             0.00046953,             0.00046953,             0.00046953
                      2,                 1.1284,                 1.5473,                 1.4404,                0.68143,                0.57641,                0.63829,                0.35936,                 1.5001,                 1.9391,                 1.9406,              0.0009365,              0.0009365,              0.0009365
                      3,                 1.1942,                 1.5414,                  1.486,                0.58604,                0.54028,                0.61812,                0.31641,                 1.4938,                 1.9959,                 1.8653,               0.001394,               0.001394,               0.001394
                      4,                 1.1888,                 1.4677,                 1.4747,                 0.6695,                0.62247,                0.64438,                0.36133,                 1.5148,                 1.7526,                 1.9647,              0.0013866,              0.0013866,              0.0013866
                      5,                 1.1699,                 1.3721,                 1.4592,                0.74932,                0.59558,                0.68702,                0.37091,                 1.4788,                 1.7013,                 1.8397,              0.0013866,              0.0013866,              0.0013866
                      6,                  1.142,                 1.2962,                 1.4264,                0.71321,                0.64411,                0.71425,                0.43491,                  1.293,                 1.5372,                 1.6368,              0.0013724,              0.0013724,              0.0013724
